Apêndice C,,,,,,,,,,
Dados do saneamento básico dos municípios paulistas,,,,,,,,,,
UGRHI,MUNICÍPIO,CONCESSÃO,PopulaçãoUrbana,"Atendimento (%)
Coleta Tratamento",,Eficiência,"Carga Poluidora (kg DBO/dia)
Potencial Remanesc.",,ICTEM,Corpo Recceptor
,Campos do Jordão,SABESP,51.133,51,99,96,2.761,1.420,"5,91","Rio Capivari, Rio Sapucaí-Guaçu e afluentes"
1,Santo Antônio do Pinhal,SABESP,4.037,45,100,55,218,164,"3,80","Rio da Prata, Rio Preto e afluentes"
,São Bento do Sapucaí,SABESP,5.240,92,74,91,283,107,"6,73",Rio Sapucaí Mirim e afluentes.
,Aparecida,SAAE,35.752,70,40,53,1.931,1.644,"2,81",Rio Paraíba
,Arapeí,SABESP,1.887,92,100,89,102,19,"9,88",Rio Barreiro de Baixo
,Areias,PM,2.600,100,0,,140,140,"1,50",Rib.Vermelho
,Bananal,SABESP,8.673,86,100,69,468,190,"6,85",Rio Bananal
,Caçapava,SABESP,79.246,100,99,70,4.279,1.315,"7,99",R. Paraíba e Cór.Boçoroca
,Cachoeira Paulista,SABESP,26.764,100,100,84,1.445,236,"10,00","R.Paraíba, Rib.das Pitas, Minhocas; Aguada; Cor. Rio Branco"
,Canas,SABESP,4.618,82,100,79,249,87,"7,26",Ribeirão Canas
,Cruzeiro,SAAE,79.642,79,0,,4.301,4.301,"1,19","R.Paraíba, Rib.Lopes e Cór.Pontilhão"
,Cunha,PM,12.202,90,16,33,659,628,"1,90",Cór.do Rodeio; Rib. Sete Cabeças
,Guararema,SABESP,24.933,49,100,97,1.346,710,"5,80",Rio Paraíba
,Guaratinguetá,SAEG,114.714,92,30,87,6.195,4.713,"3,58","R.Paraíba, Rib.Guaratinguetá, S.Gonçalo e Motas; Cór. Dos Escritores"
,Igaratá,SABESP,7.481,31,100,89,404,294,"4,23",Rib.Palmeiras afluente do Res.do Jaguari
,Jacareí,SAAE,226.676,98,71,96,12.240,4.064,"7,38",R.Paraíba do Sul e Rib.Turi
,Jambeiro,SABESP,3.018,98,100,85,163,28,"9,96",Rib.Capivari
,Lagoinha,SABESP,3.204,87,100,93,173,33,"9,51",Rib.Botucatu
,Lavrinhas,SABESP,6.563,63,18,98,354,316,"1,91","R.Paraíba do Sul; Rio Jacu, Rio Jacuizinho"
,Lorena,SABESP,85.453,98,100,84,4.614,808,"9,97",R.Paraíba do Sul e Rib.Taboão
2,Monteiro Lobato,SABESP,1.975,80,100,83,107,36,"7,50",Rio Buquira
,Natividade da Serra,PM,2.818,96,50,79,152,94,"4,65",Represa Paraibuna
,Paraibuna,PM,5.488,100,0,,296,296,"1,49",R.Paraibuna
,Pindamonhangaba,SABESP,158.092,98,100,67,8.537,2.923,"7,44","R.Paraíba, Rib.Curuputuba e Uma."
,Piquete,CAB PIQUETE,13.089,76,0,,707,707,"1,14","Rios Piquete, Benfica e Sertão"
,Potim,PM,17.701,100,10,31,956,926,"1,85",Rio Paraíba; Rib. Dos Buenos
,Queluz,SABESP,10.613,70,34,97,573,442,"3,05",Rios Verde e Paraíba
,Redenção da Serra,SABESP,2.231,50,100,89,120,67,"5,43",Res.Paraibuna
,Roseira,SABESP,9.983,96,100,91,539,68,"9,64",R.Pirapitingui
,Santa Branca,PM,12.936,99,4,75,699,678,"2,04",Rib.Barretos e R.Paraíba
,Santa Isabel,SABESP,43.951,62,0,,2.373,2.373,"0,93",R.Araraquara e Res.Jaguari
,São José do Barreiro,PM,2.931,91,0,,158,158,"1,37",Rib.do Barreiro e Cór.da Estância
,São José dos Campos,SABESP,689.846,96,100,91,37.252,4.799,"9,94","R.Paraíba do Sul, Cambuí, Peixe, Alambari e Pararangaba"
,São Luís do Paraitinga,SABESP,6.385,90,100,99,345,39,"9,84",Rios Paraitinga e Chapéu
,Silveiras,SABESP,3.096,97,100,89,167,23,"9,65",Rib.Silveiras; Rib. Dos Macacos
,Taubaté,SABESP/ PM,301.311,96,100,86,16.271,2.912,"9,74","Cór.Judeu, Piracangaguá e J.Raimundo"
,Tremembé,SABESP,41.361,86,100,85,2.234,598,"7,55",R.Paraíba do Sul

Qualidade das Águas Interiores no Estado de São Paulo | Apêndice C - Dados do saneamento básico dos municípios paulistas,,,,,,,,,,,2
UGRHI,MUNICÍPIO,CONCESSÃO,PopulaçãoUrbana,"Atendimento (%)
Coleta Tratamento",,Eficiência,"Carga Poluidora (kg DBO/dia)
Potencial Remanesc.",,ICTEM,,Corpo Recceptor
,Caraguatatuba,SABESP,112.793,75,100,86,6.091,2.145,"7,34",Rios Diversos / Mar,
,Ilhabela,SABESP,33.124,35,4,88,1.789,1.767,"1,17",Rios Diversos / Mar,
3,São Sebastião,SABESP,84.573,41,55,75,4.567,3.807,"3,01",Rios Diversos / Mar,
,Ubatuba,SABESP,86.172,39,100,67,4.653,3.437,"4,28",Rios Diversos / Mar,
,Altinópolis,DAE,14.176,100,100,71,766,222,"8,12",Cór.Mato Grosso,
,Brodowski,DAE,23.511,100,100,51,1.270,628,"6,78",Cór.da Divisa e Cór.Matadouro,
,Caconde,DAE,12.966,100,0,,700,700,"1,50",R.São Miguel,
,Cajuru,SABESP,22.828,98,100,85,1.233,202,"9,98",Cór.Cajuru,
,Casa Branca,SAEE,24.654,100,100,75,1.331,337,"7,86",Rib.das Congonhas,
,Cássia dos Coqueiros,SABESP,1.765,90,100,91,95,17,"9,55",Rio Cubatão,
,Cravinhos,SAEE,33.779,99,100,78,1.824,416,"8,20",Rib. Preto,
,Divinolândia,SABESP,7.617,87,88,91,411,124,"7,68",Rio do Peixe,
,Itobi,SABESP,7.072,88,100,91,382,77,"8,50",Rio Verde,
,Jardinópolis,DAE,41.171,100,0,,2.223,2.223,"1,50",Cór.Matadouro,
,Mococa,SABESP,63.641,98,100,96,3.437,173,"9,98",Rio Canoas,
4,Ribeirão Preto,AMBIENT,680.370,97,100,95,36.740,2.973,"9,96",Ribeirão Preto e Rio Pardo,
,Sales Oliveira,DAE,10.541,99,100,84,569,96,"9,69",Cór.Aurora e Cór.Lageado,
,Santa Cruz da Esperança,SABESP,1.429,100,100,88,77,9,"9,70",Cór.Brilhante,
,Santa Rosa de Viterbo,SABESP,24.849,98,100,81,1.342,284,"8,29",Cór.Bibiano e Cór.Caçador,
,São José do Rio Pardo,SAERP,48.475,100,12,47,2.618,2.469,"2,35",Rio Pardo,
,São Sebastião da Grama,Águas de São Sebastião da Grama -SPE,8.113,100,10,0,438,438,"1,65",Rio Fartura,
,São Simão,DAE,13.718,100,0,,741,741,"1,50",Cór.São Simão,
,Serra Azul,SABESP,9.838,89,100,92,531,95,"9,84",Cór.Serra Azul,
,Serrana,DAE,43.326,100,0,,2.340,2.340,"1,50",Cór.Serrinha,
,Tambaú,DAE,20.673,100,100,85,1.116,167,"10,00",RioTambaú,
,Tapiratiba,DAE,10.760,100,80,82,581,202,"7,44",Rib.Conceição e Cór.Soledade,
,Vargem Grande do Sul,SAE,40.164,100,90,80,2.169,607,"7,73",Rio Verde,
,Águas de São Pedro,SABESP,3.268,95,100,80,176,42,"7,89",Rib.Araquá,
,Americana,DAE,232.776,100,44,49,12.570,9.883,"4,04",Rio Piracicaba,
,Amparo,SAAE,56.034,95,71,76,3.026,1.475,"6,32",R.Camanducaia,
,Analândia,PM,3.842,94,95,91,207,39,"9,84",R.Corumbataí,
,Artur Nogueira,SAEAN,47.002,97,35,98,2.538,1.694,"4,14",Rib.Cotrins (80%) e Rib.Três Barras (20%),
,Atibaia,SAAE,127.164,55,74,86,6.867,4.470,"4,70",Rio Atibaia,
,Bom Jesus dos Perdões,PM,21.198,85,0,,1.145,1.145,"1,58",Rio Atibainha,
5,Bragança Paulista,SABESP,159.138,85,100,94,8.593,1.738,"8,46",Rib. Lavapés,
,Campinas,SANASA,1.162.143,93,100,96,62.756,6.547,"9,60","Rib.Samambaia / Anhumas (45%), Quilombo (15%) e Capivari (40%)",
,Campo Limpo Paulista,SABESP,82.520,60,95,95,4.456,2.031,"6,37",Rio Jundiaí,
,Capivari,SAAE,51.311,95,25,80,2.771,2.244,"3,24",Rio Capivari,
,Charqueada,SABESP,15.219,80,96,81,822,306,"6,92","Rios Tijuco Preto, Charqueada, Fregadoli e Água Parada",
,Cordeirópolis,SAAE,21.368,100,0,,1.154,1.154,"1,50",Rib.Tatu,
,Corumbataí,PM,2.190,100,100,32,118,80,"5,38",R.Corumbataí,

Qualidade das Águas Interiores no Estado de São Paulo | Apêndice C - Dados do saneamento básico dos municípios paulistas,,,,,,,,,,,3
UGRHI,MUNICÍPIO,CONCESSÃO,PopulaçãoUrbana,"Atendimento (%)
Coleta Tratamento",,Eficiência,"Carga Poluidora (kg DBO/dia)
Potencial Remanesc.",,ICTEM,,Corpo Recceptor
,Cosmópolis,DAE,64.162,100,0,,3.465,3.465,"1,50",Rib.Três Barras,
,Elias Fausto,SABESP,13.849,99,100,83,748,136,"9,68",Cór.Carneiro,
,Holambra,PM,10.153,95,100,80,548,132,"8,37",Rib.Cachoeira e Cór.da Borda da Mata,
,Hortolândia,SABESP,222.186,90,100,94,11.998,1.892,"9,84",Ribeirão Jacuba,
,Indaiatuba,SAAE,237.212,96,69,99,12.809,4.350,"7,28",Rio Jundiaí,
,Ipeúna,PM,6.177,86,100,97,334,55,"9,29",Cór.das Lavadeiras,
,Iracemápolis,PM,22.782,100,100,79,1.230,258,"8,64",Rib.Cachoeirinha,
,Itatiba,SABESP,98.347,95,100,97,5.311,395,"9,93",Rib.Jacarezinho e R.Atibaia,
,Itupeva,SABESP,49.545,75,100,95,2.675,775,"7,74",Rio Jundiaí,
,Jaguariúna,PM,52.634,95,64,77,2.842,1.512,"5,93",Rio Camanducaia,
,Jarinu,SABESP,22.063,19,100,89,1.191,995,"3,05",Rib.Campo Largo,
,Joanópolis,SABESP,12.947,61,100,91,699,310,"6,53",Rio Jacareí,
,Jundiaí,CSJ,391.856,98,100,98,21.160,816,"9,97",R.Jundiaí,
,Limeira,BRK AMBIENTAL - Limeira S/A,291.933,100,100,53,15.764,7.365,"6,66","Rib.Tatu (71%), Rib.da Graminha (11%) e Rib.Águas da Serra (18%)",
,Louveira,SAE,44.179,74,100,83,2.386,920,"7,10",Cór.Sto.Antonio e R.Capivari,
,Mombuca,SABESP,2.853,96,100,78,154,38,"7,82",Cór.Mombuca,
,Monte Alegre do Sul,PM,4.500,80,0,,243,243,"1,20",R.Camanducaia e Rib.Monte Alegre,
,Monte Mor,SABESP,53.763,75,100,88,2.903,992,"7,10",Rio Capivari,
,Morungaba,SABESP,11.301,93,100,82,610,144,"8,37",Rib.dos Mansos,
,Nazaré Paulista,SABESP,15.358,14,100,88,829,728,"3,00",Rio Atibainha,
,Nova Odessa,CODEN,57.275,98,96,87,3.093,563,"9,91",Ribeirão Quilombo,
5,Paulínia,SABESP,102.404,92,96,79,5.530,1.670,"7,86",Rio Atibaia,
,Pedra Bela,SABESP,1.514,74,0,,82,82,"1,12",Cór.Pedra Bela,
,Pedreira,PM,46.203,98,90,82,2.495,691,"8,02",Rio Jaguari,
,Pinhalzinho,SABESP,7.272,91,100,88,393,79,"9,86",Rib.do Pinhal,
,Piracaia,SABESP,26.991,49,100,84,1.458,854,"5,43",Rio Cachoeira,
,Piracicaba,SEMAE,386.720,100,100,92,20.883,1.595,"10,00","R.Piracicaba, Rib.Piracicamirim e R.Corumbataí",
,Rafard,DAE,7.982,100,0,,431,431,"1,50",Cór.S.Francisco R.Capivari Cór. Sete Fogões,
,Rio Claro,BRK Ambiental - Rio Claro S.A,198.014,100,55,97,10.693,5.025,"6,27",R.Corumbataí e Rib.Claro,
,Rio das Pedras,SAAE,32.855,99,0,,1.774,1.774,"1,49",Rib.Tijuco Preto,
,Saltinho,DAE,6.692,100,100,69,361,112,"7,69",Rib.Piracicamirim,
,Salto,SANESALTO,115.374,92,96,87,6.230,1.455,"8,30",Rio Tietê,
,Santa Bárbara d'Oeste,DAE,190.376,99,54,93,10.280,5.173,"6,02",Ribeirão dos Toledos,
,Santa Gertrudes,BRK AMBIENTAL - STA GERTRUDES S.A,25.365,100,100,79,1.370,291,"8,61",Cór.Barreiro e Rib.Claro,
,Santa Maria da Serra,PM,5.309,100,100,53,287,135,"6,95",Rib.Bonito,
,Santo Antônio de Posse,SAAEP,20.788,92,43,56,1.123,874,"3,46",R.Camanducaia -Mirim e Rib.Pirapitingui,
,São Pedro,SAE,29.333,90,15,83,1.584,1.407,"2,50",Rib.Samambaia,
,Sumaré,Odebrecht,269.798,95,28,86,14.569,11.227,"3,84",Ribeirão Quilombo,
,Tuiuti,PM,3.351,44,0,,181,181,"0,65",Rib.do Pântano,
,Valinhos,DAEV,118.055,91,100,95,6.375,864,"9,57",Rib.Pinheiros,
,Vargem,SABESP,5.095,51,100,98,275,137,"6,04",Rib.da Limeira,
,Várzea Paulista,SABESP,118.917,86,100,95,6.422,1.198,"9,78",Rio Jundiaí classe 4,
,Vinhedo,SANEBAVI,72.773,85,100,99,3.930,632,"9,78",R.Capivari e Rib.Pinheiros,

Qualidade das Águas Interiores no Estado de São Paulo | Apêndice C - Dados do saneamento básico dos municípios paulistas,,,,,,,,,,,4
UGRHI,MUNICÍPIO,CONCESSÃO,PopulaçãoUrbana,"Atendimento (%)
Coleta Tratamento",,Eficiência,"Carga Poluidora (kg DBO/dia)
Potencial Remanesc.",,ICTEM,,Corpo Recceptor
,Arujá,SABESP,82.976,66,100,75,4.481,2.267,"6,20",Rio Baquirivu-Guaçu,
,Barueri,SABESP,267.534,76,38,92,14.447,10.611,"3,93",Rio Tietê,
,Biritiba-Mirim,SABESP,27.294,56,99,56,1.474,1.020,"4,52",Rio Tietê,
,Caieiras,SABESP,95.788,74,0,,5.173,5.173,"1,11",Rio Juqueri,
,Cajamar,SABESP,72.433,72,0,,3.911,3.911,"1,08",Rib.dos Cristais,
,Carapicuíba,SABESP,396.587,71,52,92,21.416,14.171,"4,54",Rio Tietê,
,Cotia,SABESP,237.750,49,43,0,12.839,12.839,"1,88",Rio Cotia,
,Diadema,SABESP,417.869,94,29,98,22.565,16.558,"3,57",Res.Billings,
,Embu das Artes,SABESP,267.054,65,55,92,14.421,9.704,"3,92",Rio Tietê,
,Embu-Guaçu,SABESP,66.460,38,100,84,3.589,2.450,"4,63",R.Embu-Guaçu,
,Ferraz de Vasconcelos,SABESP,180.407,81,56,84,9.742,6.021,"4,74",Rio Tiête,
,Francisco Morato,SABESP,171.253,40,0,,9.248,9.248,"0,60",Rio Juqueri,
,Franco da Rocha,SABESP,137.722,62,0,,7.437,7.437,"0,94",Rio Juqueri,
,Guarulhos,SAEE - Guarulhos,1.349.113,88,42,96,72.852,46.921,"4,77",Rio Baquirivu-Guaçu,
,Itapecerica da Serra,SABESP,169.521,28,98,92,9.154,6.829,"3,54",,
,Itapevi,SABESP,229.502,60,50,92,12.393,8.961,"3,95",R.S.J.do Barueri,
,Itaquaquecetuba,SABESP,360.657,62,14,87,19.475,17.994,"1,84",Rios Tietê (UGRHI 06) e Parateí (UGRHI 02),
6,Jandira,SABESP,121.492,71,33,92,6.561,5.151,"3,45",R.S.J.do Barueri,
,Mairiporã,SABESP,83.478,26,76,80,4.508,3.804,"3,04",Rio Juqueri,
,Mauá,BRK AMBIENTAL,462.005,91,61,96,24.948,11.631,"6,05",Parte Guaió,
,Mogi das Cruzes,SEMAE,400.346,93,61,87,21.619,10.940,"5,72",Rio Tietê,
,Osasco,SABESP,697.886,73,43,92,37.686,26.789,"4,12",Rio Tietê,
,Pirapora do Bom Jesus,SABESP,18.174,50,46,96,981,765,"2,87",Rio Tietê,
,Poá,SABESP,113.660,96,93,84,6.138,1.537,"7,91",Rio Tietê,
,Ribeirão Pires,SABESP,121.848,71,70,98,6.580,3.378,"5,48",R.Rib.Pires,
,Rio Grande da Serra,SABESP,49.408,50,85,98,2.668,1.548,"4,76",Res.Billings,
,Salesópolis,SABESP,10.761,78,98,79,581,230,"6,77",R.Paraitinga (ETE Sede) Infilt.no Solo (D.de Remédios),
,Santana de Parnaíba,SABESP,131.887,35,38,92,7.122,6.250,"2,39",Rio Tietê,
,Santo André,SEMASA,715.231,99,40,98,38.622,23.709,"4,89",R.Tamanduateí e Res.Billings,
,São Bernardo do Campo,SABESP,813.608,90,32,96,43.935,31.685,"3,85",Rib.dos Meninos e Res.Billings,
,São Caetano do Sul,SAEE,159.608,100,91,98,8.619,899,"9,87",R.Tamanduateí,
,São Paulo,SABESP,11.978.656,88,75,85,646.847,285.092,"6,58","Rio Tietê, Rio Pinheiros e Rio Tamanduateí",
,Suzano,SABESP,280.537,92,70,84,15.149,6.940,"6,15",Rio Tietê,
,Taboão da Serra,SABESP,279.634,85,46,92,15.100,9.606,"4,84",Rio Tietê,
,Bertioga,SABESP,58.357,34,100,84,3.151,2.254,"4,36",Rio Itapanhaú,
,Cubatão,SABESP,128.748,49,100,92,6.952,3.785,"5,70",Rio Cubatão,
,Guarujá,SABESP,315.508,65,6,0,17.037,17.037,"1,56",EPC-Enseada - Mar/ ETE-Estuário de Santos,
,Itanhaém,SABESP,97.706,39,100,90,5.276,3.412,"4,89",Rio do Poço e Rio Curitiba em Itanhaém,
7,Mongaguá,SABESP,54.020,82,100,89,2.917,783,"7,99",Mar e Rio Aguapeú,
,Peruíbe,SABESP,65.828,75,100,82,3.555,1.368,"7,13",Rio Preto,
,Praia Grande,SABESP,310.024,74,0,,16.741,16.741,"1,31",Mar,
,Santos,SABESP,434.417,98,0,,23.459,23.459,"1,67",Baia de Santos e Canal S.Jorge,
,São Vicente,SABESP,359.695,73,18,52,19.424,18.115,"2,00",HUMAITA - Rio Mariana / SAMARITA - Rio Branco / INSULAR - Estuário de Santos,

Qualidade das Águas Interiores no Estado de São Paulo | Apêndice C - Dados do saneamento básico dos municípios paulistas,,,,,,,,,,,5
UGRHI,MUNICÍPIO,CONCESSÃO,PopulaçãoUrbana,"Atendimento (%)
Coleta Tratamento",,Eficiência,"Carga Poluidora (kg DBO/dia)
Potencial Remanesc.",,ICTEM,,Corpo Recceptor
,Aramina,Prefeitura Municipal,5.187,99,100,82,280,54,"9,98",Cór.Paraíso,
,Batatais,Seleta Meio Ambiente Ltda,54.375,98,100,91,2.936,318,"9,97",Cór.das Araras,
,Buritizal,SABESP,3.598,97,100,85,194,33,"9,96",Cór.dos Buritis,
,Cristais Paulista,SAAE,6.138,97,100,90,331,42,"9,96",Cór.Mococa,
,Franca,SABESP,341.075,98,100,96,18.418,1.062,"9,98","Cór.Bagres, Sta Bárbara, Pouso Alto e B.Jardim",
,Guaíra,Departamento de Esgoto e Água de Guaíra (DEAGUA),38.839,100,100,28,2.097,1.518,"5,00","Córregos José Glusseco, Santa Quitéria e Ribeirão do Jardim",
,Guará,ÁGUAS DE GUARÁ,20.407,100,100,61,1.102,429,"7,47",Rib.Verde,
,Igarapava,SABESP,28.363,96,100,96,1.532,124,"9,94",Cór.Santa Rita,
,Ipuã,SAAE,15.272,100,100,75,825,209,"8,36",Cór.Santana,
,Itirapuã,SABESP,5.338,98,100,91,288,30,"9,98",Cór.Capanema,
,Ituverava,SAEE,38.987,100,100,77,2.105,474,"8,54",Rio do Carmo,
8,Jeriquara,SABESP,2.642,100,100,88,143,17,"10,00",Cór.Jeriquara,
,Miguelópolis,SABESP,20.712,93,100,93,1.118,153,"9,89",Cór.Matador e S.Miguel,
,Nuporanga,PM,6.660,100,100,53,360,169,"6,95",Cór.das Corredeiras,
,Patrocínio Paulista,SAAE,11.591,100,100,82,626,113,"10,00",R.Sapucaizinho,
,Pedregulho,SABESP,12.283,99,100,83,663,120,"9,99",Cór.da Cascata,
,Restinga,SABESP,5.806,100,100,89,314,34,"10,00",Cór.Santo Antônio,
,Ribeirão Corrente,SABESP,3.692,87,100,90,199,44,"8,38",Rib.Corrente,
,Rifaina,SABESP,3.168,92,100,85,171,38,"8,43",Rio Grande,
,Santo Antônio da Alegria,SAE,5.058,98,100,64,273,102,"7,05",Rib.do Pinheirinho,
,São Joaquim da Barra,SAAE,50.008,100,0,,2.700,2.700,"1,50",Cór.S.Joaquim,
,São José da Bela Vista,Pref Municipal,7.912,100,100,87,427,56,"10,00",Cór. Lajeadinho,
,Aguaí,PM,32.034,100,62,82,1.730,849,"6,24",Rio Itupeva,
,Águas da Prata,SABESP,7.234,100,95,74,391,118,"7,96",Ribeirão do Quartel,
,Águas de Lindóia,SAAE,18.345,95,24,98,991,769,"3,74",Córrego do Barreiro,
,Américo Brasiliense,PM,38.893,100,0,,2.100,2.100,"1,50",Cór.Maria Mendes,
,Araras,SAEMA,124.214,100,0,,6.708,6.708,"1,50",Ribeirão das Araras - Classe 3.,
,Barrinha,DAE,31.567,100,1,80,1.705,1.694,"1,55",Cór.Jatobá,
,Conchal,PM,26.043,100,11,92,1.406,1.264,"2,32",Ribeirão Ferra/Ribeirão Conchal,
,Descalvado,SEMARH,29.748,100,0,,1.606,1.606,"1,50",Ribeirão Bonito,
,Dumont,DAE,9.132,100,100,85,493,74,"10,00",Cór.Dumont,
,Engenheiro Coelho,SAEEC,14.263,100,100,80,770,154,"10,00",Rib.Guaiaquica,
,Espírito Santo do Pinhal,SABESP,39.254,98,100,90,2.120,256,"9,97",Ribeirão dos Porcos,
9,Estiva Gerbi,PM,8.827,100,0,,477,477,"1,50",Rib.Anhumas e Cór.Ipê,
,Guariba,SABESP,38.401,100,100,80,2.074,421,"8,68",Cór.Guariba,
,Guatapará,DAE,5.542,100,30,83,299,225,"3,77",R.Mogi-Guaçu,
,Itapira,SAAE,68.486,100,100,83,3.698,642,"9,70",Ribeirão da Penha/Córrego do Barreiro/Córrego Santana,
,Jaboticabal,SAAEJ,74.282,100,99,80,4.011,837,"8,63",Cór.Jaboticabal,
,Leme,SAECIL,99.088,100,96,83,5.351,1.087,"8,32",Ribeirão do Meio.,
,Lindóia,PM,7.695,100,22,76,416,346,"2,91",Rio do Peixe,
,Luís Antônio,DAE,13.543,100,100,74,731,190,"8,31",R.da Onça,
,Mogi Guaçu,SAMAE,141.833,100,74,59,7.659,4.347,"5,42",R.Mogi-Guaçu,
,Mogi Mirim,SAAE,86.395,96,67,96,4.665,1.785,"6,96",Rio Mogi-Mirim,
,Motuca,PM,3.388,100,100,89,183,20,"10,00",Cór.Macacos/Cór. Conserva,

Qualidade das Águas Interiores no Estado de São Paulo | Apêndice C - Dados do saneamento básico dos municípios paulistas,,,,,,,,,,,6
UGRHI,MUNICÍPIO,CONCESSÃO,PopulaçãoUrbana,"Atendimento (%)
Coleta Tratamento",,Eficiência,"Carga Poluidora (kg DBO/dia)
Potencial Remanesc.",,ICTEM,,Corpo Recceptor
,Pirassununga,SAEP,69.153,100,100,88,3.734,451,"10,00",Córrego Laranja Azeda,
,Pitangueiras,DAE,37.392,100,10,69,2.019,1.885,"2,38",Cór.Pitangueiras,
,Pontal,DAE,46.748,99,100,0,2.524,2.524,"3,18",Cór.Machado,
,Porto Ferreira,BRK AMBIENTAL,54.438,98,14,89,2.940,2.581,"2,97",Rio Mogi-Guaçú.,
,Pradópolis,DAE,19.011,100,100,80,1.027,205,"10,00",R.Mogi-Guaçu,
,Rincão,PM,8.792,100,12,80,475,429,"2,30",Cór.Paciente,
,Santa Cruz da Conceição,PM,2.986,98,100,77,161,40,"8,37",Ribeirão do Roque.,
,Santa Cruz das Palmeiras,PM,32.415,100,0,,1.750,1.750,"1,50",Cór.Pessegueiro,
9,Santa Lúcia,PM,8.233,100,100,75,445,111,"8,07",Cór.Monjolinho e Ponte Alta,
,Santa Rita do Passa Quatro,DAE,24.690,97,65,83,1.333,636,"6,03",Córrego do Marinho e Córrego Capituva.,
,Santo Antônio do Jardim,SABESP,3.583,88,100,80,193,57,"7,93",Rib.Santa Bárbara,
,São João da Boa Vista,SABESP,86.496,98,100,70,4.671,1.462,"7,94",R.Jaguari Mirim,
,Serra Negra,SABESP,24.929,77,100,67,1.346,655,"6,49",Rib.Serra Negra,
,Sertãozinho,DAE,121.193,100,100,64,6.544,2.372,"7,64",ETE Sertãozinho - Cór.Sul: Distrito de Cruz das Posses - Córrego Tabocas e Corrego Santo Antonio das Pimentas,
,Socorro,SABESP,27.343,79,94,92,1.477,476,"7,29",Rio do Peixe,
,Taquaral,PM,2.706,100,100,86,146,20,"10,00",Córrego Boa Vista,
,Alambari,SABESP,4.324,59,100,86,234,116,"5,95",Rio Alambari,
,Alumínio,SABESP,15.371,70,5,0,830,830,"1,13",Córrego do Varjão/Córrego do Bugre,
,Anhembi,SABESP,4.894,95,100,92,264,33,"9,92",Cór.do Matadouro,
,Araçariguama,SABESP,13.895,40,0,,750,750,"0,60",Ribeirão Araçariguama,
,Araçoiaba da Serra,ÁGUAS DE ARAÇOIABA,22.367,40,100,80,1.208,821,"4,18",Ribeirão Vacariu,
,Bofete,SABESP,7.410,90,100,95,400,58,"9,66",Rio do Peixe/Córrego São Roque,
,Boituva,SABESP,54.475,72,100,70,2.942,1.465,"6,04","Cór.Pau D'Alho , Cór.Água Branca e Rib.Jerivá",
,Botucatu,SABESP,137.340,95,100,91,7.416,1.048,"9,92","Cór.Lavapés, Cór. Cintra e Cór. Comur",
,Cabreúva,SABESP,40.579,71,100,95,2.191,712,"7,45","Rib.Piraí (Afl.do R.Jundiai), Rib Cabreúva, Rio Tietê",
,Capela do Alto,SABESP,16.571,72,100,94,895,291,"7,46",Córrego Olaria,
,Cerquilho,SAAEC,44.317,98,100,88,2.393,332,"9,67","Rib.da Serra, Cór.Taquaral e R.Sorocaba",
,Cesário Lange,SABESP,11.872,100,100,50,641,320,"6,45",Rib. Aleluia e Rib.Onça,
,Conchas,SABESP,14.285,84,100,99,771,132,"9,75",Rib.Conchas,
10,Ibiúna,SABESP,27.170,43,100,90,1.467,895,"5,18","Rio Sorocamirim, Ribeirão Murundu, Ribeirão Paruru",
,Iperó,SABESP,21.552,76,100,70,1.164,541,"6,62",Rio Sorocaba e Córrego Ipanema,
,Itu,CIS - CIA ITUANA DE SANEAMENTO,159.272,98,74,95,8.601,2.675,"7,56","Rib.Guaraú, Varjão e Tapera Grande",
,Jumirim,Prefeitura,1.883,95,100,68,102,36,"7,32",Ribeirão Água Podre,
,Laranjal Paulista,SABESP,24.969,95,100,84,1.348,265,"9,73",Rio Sorocaba / Rio Tietê,
,Mairinque,SANEAQUA,37.385,75,0,,2.019,2.019,"1,13",Cór.do Varjão,
,Pereiras,SAMASPE,5.609,100,100,87,303,39,"9,80",Rib Conchas,
,Piedade,SABESP,25.093,68,96,90,1.355,567,"6,73",Rio Pirapora,
,Porangaba,SABESP,4.624,75,100,85,250,90,"6,98",Rio Feio,
,Porto Feliz,SAAE,44.131,99,100,86,2.383,353,"9,99",Rio Tietê,
,Quadra,SABESP,942,68,100,87,51,21,"6,59",Rib.Palmeira,
,Salto de Pirapora,SABESP,34.799,94,100,93,1.879,240,"9,71",Rio Pirapora,
,São Roque,SABESP,80.243,46,0,,4.333,4.333,"0,69","Rios Carambeí, Guaçu, Marmeleiro e Aracaí",

Qualidade das Águas Interiores no Estado de São Paulo | Apêndice C - Dados do saneamento básico dos municípios paulistas,,,,,,,,,,,7
UGRHI,MUNICÍPIO,CONCESSÃO,PopulaçãoUrbana,"Atendimento (%)
Coleta Tratamento",,Eficiência,"Carga Poluidora (kg DBO/dia)
Potencial Remanesc.",,ICTEM,,Corpo Recceptor
,Sarapuí,SABESP,7.387,61,0,,399,399,"0,91",Ribeirão Fazendinha,
,Sorocaba,SAAE,653.151,98,93,88,35.270,6.896,"9,87","R.Sorocaba, Rio Pirajibu, Rio Itanguá, Rio Ipanema.",
,Tatuí,SABESP,112.860,92,85,84,6.094,2.103,"7,41",Rio Tatuí,
10,Tietê,SAMAE,37.283,97,38,88,2.013,1.368,"4,61",Rio Tietê,
,Torre de Pedra,SABESP,1.562,81,100,93,84,21,"7,89",Rib.Torre de Pedra,
,Vargem Grande Paulista,SABESP,50.346,32,28,80,2.719,2.524,"1,57",Rib.Vargem Grande,
,Votorantim,SAAE,115.302,98,98,82,6.226,1.339,"8,54","Rio Sorocaba, Cór. Cubatão, Cór. Itapeva, Rio Ipaneminha",
,Apiaí,SABESP,18.044,70,100,99,974,303,"7,22",Cór.Palmital,
,Barra do Chapéu,SABESP,1.667,82,51,91,90,56,"4,73",Rio Catas Altas,
,Barra do Turvo,SABESP,3.195,77,100,86,173,58,"7,46",Rio Pardo - Classe 2,
,Cajati,SABESP,21.083,78,100,71,1.139,513,"6,74",R.Jacupiranguinha 98%; Ribeirão do Braz 2%,
,Cananéia,SABESP,10.763,73,100,81,581,234,"6,98",Mar Pequeno - Classe 1 - salina (96%); Rio Itapitangui (3%),
,Eldorado,SABESP,7.598,89,100,77,410,131,"7,76",R.Rib.de Iguape (85%); Rio Batatal (4%); Rio Jaguari (9%);,
,Iguape,SABESP,26.239,59,100,67,1.417,859,"5,44",R.Rib.de Iguape,
,Ilha Comprida,SABESP,10.656,41,100,91,575,364,"4,99",Rio Candapuí,
,Iporanga,SABESP,2.399,77,100,89,130,40,"7,63",Rio Iporanga,
,Itaóca,SABESP,1.822,40,100,89,98,63,"4,91",Rio Palmital,
,Itapirapuã Paulista,SABESP,2.042,66,100,91,110,44,"6,90",Ribeirão das Criminosas,
11,Itariri,SABESP,10.895,47,99,67,588,408,"4,68",Rio do Azeite (86%); Ribeirão Aerado (13%),
,Jacupiranga,SABESP,9.740,96,91,98,526,76,"9,81",R.Jacupiranga (90%); Rio Pindaúba (2%).,
,Juquiá,SABESP,12.095,74,95,64,653,362,"5,93",Rio Juquiá (87 %); Rio Açungu (1%); Ribeirão do Cedro (12%).,
,Juquitiba,SABESP,24.016,17,100,92,1.297,1.097,"3,25",R.São Lourenço,
,Miracatu,SABESP,10.428,78,93,49,563,363,"5,37","Rio São Lourenço (87 %); Rio Itariri (1,7%), Cór Biguá (2,3%); Cór.Barnabes",
,Pariquera-Açu,SABESP,13.405,89,100,88,724,156,"8,44",R.Pariquerá-Açú,
,Pedro de Toledo,SABESP,7.678,55,100,89,415,212,"6,00",Rio Itariri,
,Registro,SABESP,50.097,90,100,62,2.705,1.200,"6,97",R.Rib.de Iguape; Cór Serrote,
,Ribeira,SABESP,1.248,46,100,99,67,37,"5,45",Rio Ribeira de Iguape,
,São Lourenço da Serra,SABESP,14.072,31,100,75,760,583,"3,98",R.S.Lourenço,
,Sete Barras,SABESP,7.060,81,99,29,381,293,"4,71","R.Rib.de Iguape (97%), Cór. Jurumirim (1%), Rio Quilombo (1%).",
,Tapiraí,SABESP,5.698,82,100,60,308,157,"6,41",Cór.Maciel,
,Altair,SABESP,3.256,93,100,76,176,51,"8,02",Rib.Santana,
,Barretos,SAAE,116.963,100,100,91,6.316,540,"10,00","Córregos das Pedras, Barro Preto, Pitangueiras e Rib.das Figueiras",
,Bebedouro,SAAEB,74.101,100,40,87,4.001,2.605,"4,87",Córregos Bebedouro e do Mandembo,
,Colina,SAAEC,17.162,100,100,92,927,71,"10,00",Córregos do Retirinho e afl.do Rib.das Palmeiras,
,Colômbia,SABESP,4.499,100,100,73,243,65,"8,27",Cór. Grande e Res.UHE Marimbondo,
,Guaraci,Departamento de Água e Esgoto de Guaraci (DAEG),9.811,100,100,97,530,16,"10,00",Cór.Crisciúma,
12,Icém,SABESP,6.962,100,100,87,376,49,"10,00",Cór. Água Doce,
,Jaborandi,SABESP,6.470,92,100,78,349,98,"8,06",Cór.Jaborandi,
,Morro Agudo,SAAE,30.883,100,98,86,1.668,265,"9,97",Rib.do Agudo,
,Orlândia,SAAE,42.190,100,0,,2.278,2.278,"1,50",Rib.do Agudo,
,Terra Roxa,SABESP,8.795,94,100,65,475,185,"7,39",Rib.Banharão,
,Viradouro,SAV,18.109,97,100,88,978,139,"9,96",Córregos Viradouro e .Bebedouro,

Qualidade das Águas Interiores no Estado de São Paulo | Apêndice C - Dados do saneamento básico dos municípios paulistas,,,,,,,,,,,8
UGRHI,MUNICÍPIO,CONCESSÃO,PopulaçãoUrbana,"Atendimento (%)
Coleta Tratamento",,Eficiência,"Carga Poluidora (kg DBO/dia)
Potencial Remanesc.",,ICTEM,,Corpo Recceptor
,Agudos,SABESP,35.243,96,100,80,1.903,442,"8,23",Córrego dos Agudos,
,Araraquara,DAAE,224.221,99,100,56,12.108,5.382,"7,10",Rib.das Cruzes,
,Arealva,SABESP,6.657,88,100,74,360,126,"7,03",Rio Tietê,
,Areiópolis,SABESP,9.870,100,100,92,533,43,"10,00",Cór.Areia Branca,
,Bariri,SAEMBA,32.830,99,100,79,1.773,389,"8,26",Córrego Mineiro,
,Barra Bonita,SAAE,35.569,100,28,90,1.921,1.437,"3,86",Rio Tietê,
,Bauru,DAE,366.128,99,11,94,19.771,17.749,"2,31",Rio Bauru,
,Boa Esperança do Sul,PM,13.152,98,100,90,710,84,"9,97",R.Boa Esperança,
,Bocaina,SABESP,11.094,95,100,86,599,110,"9,73",Córrego Bocaina,
,Boracéia,SABESP,4.230,97,100,83,228,45,"9,76",Córrego Matão,
,Borebi,SAAE,2.248,100,100,80,121,24,"9,80",Córrego das Antas,
,Brotas,SAAEB,20.562,100,100,69,1.110,345,"7,68",R.Jacaré-Pepira,
,Dois Córregos,SAAEDOCO,25.463,98,100,86,1.375,210,"9,77",Rio Jaú,
,Dourado,SABESP,8.143,100,100,93,440,31,"10,00",Rib.Dourado,
,Gavião Peixoto,PM,3.833,100,0,,207,207,"1,50",R.Jacaré Guaçu,
,Iacanga,PM,9.885,95,100,78,534,140,"8,01",Ribeirão Claro,
,Ibaté,PM,32.868,100,100,92,1.775,151,"10,00","Cór.S.J.Correntes, B.Vista e Monte Alegre",
13,Ibitinga,SAAE,56.395,82,0,,3.045,3.045,"1,23",Cór.S.Joaquim,
,Igaraçu do Tietê,SAAE,24.455,80,100,93,1.321,338,"7,84",Rio Tietê,
,Itaju,PM,2.699,100,100,88,146,17,"9,80",Córrego Boa Vista de Baixo,
,Itapuí,PM,13.011,87,0,,703,703,"1,61",Córrego Bica de Pedra,
,Itirapina,PM,15.863,90,100,94,857,132,"9,85",Cór.Água Branca,
,Jaú,AMAN. S. JAÚ,141.764,100,100,93,7.655,536,"9,80",Rio Jaú,
,Lençóis Paulista,SAAE,65.680,98,100,63,3.547,1.340,"7,32",Rio Lençóis,
,Macatuba,PM,16.602,100,100,76,897,215,"8,24",Córrego do Tanquinho,
,Mineiros do Tietê,ÁGUAS DE MINEIROS DO TIETEENSE,12.240,100,100,84,661,106,"9,80",R.São João,
,Nova Europa,PM,9.978,100,100,72,539,151,"8,18",Rio Itaquerê,
,Pederneiras,SABESP,42.498,100,100,81,2.295,437,"9,79",Ribeirão Pederneiras,
,Ribeirão Bonito,PM,12.075,96,0,,652,652,"1,44",Ribeirão Bonito,
,São Carlos,SAAE,236.257,100,91,87,12.758,2.642,"8,51","Rio Monjolinho, Rio do Quilombo, Ribeirão das Araras",
,São Manuel,SABESP,39.707,96,100,90,2.144,293,"9,64",Rib.Paraíso,
,Tabatinga,PM,13.840,95,100,92,747,91,"9,93",Rib.São João,
,Torrinha,SABESP,8.453,98,100,67,456,155,"7,76","Cór.do Taló, Rib.Pinheirinho e Cachoeirinha",
,Trabiju,PM,1.553,90,100,92,84,14,"9,85",R.Boa Esperança,
,Angatuba,SABESP,17.694,89,100,80,955,275,"7,67",Rib.Grande/Ribeirão Bom Retiro e Córrego Boa Vista,
,Arandu,SABESP,4.799,77,100,71,259,118,"6,70",Ribeirão Bonito,
,Barão de Antonina,SABESP,2.091,92,100,73,113,37,"7,23",Água dos Pedrocas,
,Bernardino de Campos,SABESP,10.021,100,100,91,541,51,"10,00",Córrego Douradinho - ETE Sul,Córrego Douradão - ETE Norte
,Bom Sucesso de Itararé,SABESP,2.646,88,100,88,143,32,"8,18",Cór.Bom Sucesso,
14,Buri,SABESP,15.941,94,100,51,861,443,"6,37",Rio Apiaí-Guaçu e Ribeirão Aracaçu,
,Campina do Monte Alegre,SABESP,5.045,79,100,93,272,71,"7,79",Rio Paranapanema,
,Capão Bonito,SABESP,38.877,95,100,92,2.099,257,"9,43",Rib. do Poço,
,Coronel Macedo,SABESP,3.741,91,100,70,202,73,"7,31",Rib.do Lajeado,
,Fartura,SABESP,12.804,99,100,93,691,57,"9,98",Rio Fartura,

Qualidade das Águas Interiores no Estado de São Paulo | Apêndice C - Dados do saneamento básico dos municípios paulistas,,,,,,,,,,,9
UGRHI,MUNICÍPIO,CONCESSÃO,PopulaçãoUrbana,"Atendimento (%)
Coleta Tratamento",,Eficiência,"Carga Poluidora (kg DBO/dia)
Potencial Remanesc.",,ICTEM,,Corpo Recceptor
,Guapiara,SABESP,7.090,80,91,94,383,122,"7,29",Rio São José Guapiara,
,Guareí,SABESP,10.136,84,100,94,547,115,"7,89",Rio Guareí,
,Ipaussu,SAAE,13.606,99,100,80,735,153,"8,63",,
,Itaberá,SABESP,12.152,89,100,91,656,125,"9,63",Córrego Lavrinhas e Córrego Pirituba,
,Itaí,SABESP,20.830,87,100,84,1.125,304,"7,84",Rib.dos Carrapatos,
,Itapetininga,SABESP,145.256,94,100,42,7.844,4.739,"5,68",Rib.Ponte Alta/Ribeirão Jurumirim/Rio Capivari/Ribeirão Conceição/Rio Itapetininga.,
,Itapeva,SABESP,78.856,90,97,90,4.258,895,"8,15",Cór.Aranha e Rib.Pilão D'Água,
,Itaporanga,SABESP,11.503,92,100,87,621,124,"9,68",Rio Verde,
,Itararé,SABESP,46.529,91,30,97,2.513,1.850,"3,52",Córrego da Pedra,
,Manduri,SEMAN,8.404,99,100,85,454,72,"9,49",Cór.Lageadinho,
,Nova Campina,SABESP,6.431,77,100,93,347,98,"7,62",Rio Taquari,
,Paranapanema,SABESP,16.042,69,100,81,866,379,"6,19",Res.Jurumirim/Ribeirão Tibiriça/Ribeirão das Posses.,
14,Pilar do Sul,SABESP,22.389,76,100,95,1.209,332,"7,86",Rio Turvo,
,Piraju,SABESP,26.787,99,95,80,1.446,355,"8,12",Rio Paranapanema,
,Ribeirão Branco,SABESP,8.761,83,90,87,473,163,"7,06",Córrego Ribeirão Branco/Rio Taquarigauçu,
,Ribeirão Grande,SABESP,2.430,100,100,99,131,1,"10,00",Ribeirão Grande,
,Riversul,SABESP,4.222,97,100,83,228,45,"9,45",Ribeirão Vermelho do Sul,
,São Miguel Arcanjo,SABESP,22.501,83,100,82,1.215,389,"7,66",Cór.S.Miguel Arcanjo; Ribeirão das Cachaças e Rio Turvo.,
,Sarutaiá,SABESP,3.005,92,100,92,162,25,"9,88",Cór.do Barranco,
,Taguaí,SABESP,9.391,100,100,86,507,71,"9,80",Rio Fartura,
,Taquarituba,SABESP,20.413,100,100,77,1.102,254,"8,30",Ribeirão Lajeado; Córrego do Cavalo.,
,Taquarivaí,SABESP,3.118,82,100,84,168,53,"7,49",Cór.Sem Nome,
,Tejupá,PM,3.034,100,0,,164,164,"1,50",Cór.da Pedra Branca,
,Timburi,SABESP,1.956,89,100,69,106,41,"7,31",Rib.Retiro,
,Álvares Florence,DATEMA,2.580,100,100,54,139,64,"7,01",Ribeirão Barreiro,
,Américo de Campos,DAEAC,5.007,99,97,93,270,29,"9,94",Córrego Água Parada,
,Ariranha,SAE,8.950,100,35,0,483,483,"2,03",Cór.Ariranha,
,Aspásia,SABESP,1.280,100,100,81,69,13,"10,00",Cór.Cascavel,
,Bálsamo,SAEB,8.159,100,100,87,441,58,"10,00",Córrego do Bálsamo,
,Cajobi,PM,9.764,100,100,80,527,107,"8,38",Córregos da Limeira e do Matias,
,Cândido Rodrigues,SABESP,2.253,100,100,84,122,19,"9,70",Cór. Água Suja,
,Cardoso,SABESP,11.205,91,100,98,605,70,"9,86",Córrego Tomazinho / Ribeirão do Marinheiro,
,Catanduva,SAEC,119.722,100,99,93,6.465,495,"9,99",Rio São Domingos,
,Catiguá,SABESP,7.097,100,100,26,383,284,"5,19",Rio S.Domingos,
15,Cedral,SAE,7.096,100,100,26,383,284,"4,89",Córrego Baixadão,
,Cosmorama,Municipal,5.055,98,96,66,273,103,"7,15",Córrego Cavalinho / Ribeirão Bonito,
,Dolcinópolis,SABESP,1.986,100,100,93,107,8,"10,00",Cór. Pinico,
,Embaúba,SEMAE,2.105,98,100,86,114,18,"9,67",Córrego dos Coelhos.,
,Estrela d'Oeste,SABESP,7.046,100,100,83,380,63,"9,70",Cór.Taboinha,
,Fernando Prestes,SABESP,4.909,100,100,66,265,90,"7,79",Cór.Dr.Mendes,
,Fernandópolis,SABESP,66.567,100,100,87,3.595,484,"10,00",Cór.Santa Rita e Cór.Aldeia,
,Guapiaçu,SAE,18.252,87,100,73,986,360,"7,43",Rib.Claro,
,Guarani d'Oeste,SABESP,1.776,98,100,91,96,10,"9,98",Cór.do Leme,
,Indiaporã,SABESP,3.421,87,100,92,185,38,"8,48",Cór.da Água Vermelha,

Qualidade das Águas Interiores no Estado de São Paulo | Apêndice C - Dados do saneamento básico dos municípios paulistas,,,,,,,,,,,10
UGRHI,MUNICÍPIO,CONCESSÃO,PopulaçãoUrbana,"Atendimento (%)
Coleta Tratamento",,Eficiência,"Carga Poluidora (kg DBO/dia)
Potencial Remanesc.",,ICTEM,,Corpo Recceptor
,Ipiguá,DAE,3.124,100,0,,169,169,"1,80",Rio Preto confluência c/ Cór.Rangel,
,Macedônia,SABESP,2.832,98,100,81,153,31,"8,65",Cór.da Captuva,
,Meridiano,SABESP,2.704,100,100,86,146,20,"10,00",Córrego Sucuri,
,Mesópolis,SABESP,1.499,98,100,90,81,9,"9,97",Cór.do Meio,
,Mira Estrela,SABESP,2.026,99,100,87,109,16,"9,98",Cór. Aroeira,
,Mirassol,SANESSOL,57.285,100,80,96,3.093,708,"8,21",Cór.Fartura - Piedade - Fundão,
,Mirassolândia,DAE,3.868,78,100,83,209,74,"7,37",Cór.da Faxina,
,Monte Alto,SABESP,47.730,100,100,96,2.577,109,"10,00","Córrego Rico, Rio Turvo",
,Monte Azul Paulista,SAEMAP,17.997,100,25,95,972,741,"3,62","Córregos Sta Rosa, Cachoeirinha e do Matadouro",
,Nova Granada,SABESP,19.527,98,100,86,1.054,168,"9,67",Cór.Mata Negra,
,Novais,SAE,5.033,100,100,91,272,24,"10,00",Córrego do Matão,
,Olímpia,DAEMO,51.107,100,27,84,2.760,2.143,"3,85","Córregos dos Pretos, Olhos D ́Água,. Baguaçu e Bela Vista.",
,Onda Verde,SABESP,3.358,100,100,80,181,36,"9,70",Córrego da Gotinha,
,Orindiúva,SABESP,6.195,93,100,91,335,52,"9,89",Cór.Barreirão,
,Ouroeste,SABESP,8.886,100,100,87,480,64,"10,00",Cór.das Galinhas,
,Palestina,ESAP - EMPRESA DE SANEAMENTO PALESTINA,10.428,90,100,84,563,137,"8,26",Cór.Piau,
,Palmares Paulista,SABESP,12.363,84,100,60,668,329,"6,36",Rib. Da Onça,
,Paraíso,SAE,5.600,100,100,60,302,121,"7,10",Cór. Papagaio,
,Paranapuã,SABESP,3.604,100,100,84,195,31,"10,00",Cór. Chaveco,
,Parisi,DAEP,1.738,100,100,93,94,7,"9,70",Córrego Feio,
,Paulo de Faria,SABESP,8.078,100,100,89,436,48,"10,00",Ribeirão das Pontes,
,Pedranópolis,SABESP,1.584,99,100,80,86,18,"8,66",Cór. Forte,
15,Pindorama,SAE,15.766,98,100,92,851,84,"9,97","R.S.Domingos, Córrego Barro Preto e córrego Cubatão",
,Pirangi,Nenhuma (temporariamente sob responsabilidade daPrefeitura Municipal),10.156,100,100,79,548,115,"8,64",Rib.Tabarana,
,Pontes Gestal,SABESP,2.188,100,100,83,118,20,"10,00",Rio Preto,
,Populina,SABESP,3.426,100,100,88,185,22,"10,00",Cór.Barra Bonita,
,Riolândia,SABESP,9.561,100,100,83,516,87,"9,70",Rio Grande_Reservatório da UHE de Água Vermelha,
,Santa Adélia,SAE,14.504,99,100,94,783,54,"9,99",R.S.Domingos,
,Santa Albertina,SABESP,5.127,100,100,84,277,44,"10,00",Cór.D'Oeste,
,Santa Clara d'Oeste,SABESP,1.609,100,100,87,87,11,"10,00",Cór.do Contra,
,Santa Rita d'Oeste,PM,1.774,100,100,86,96,13,"10,00",Cór.da Mina,
,São José do Rio Preto,SEMAE,423.208,99,100,93,22.853,1.812,"9,99",Rio Preto (classe 4),
,Severínia,SAE,16.312,100,100,83,881,153,"9,69",Córregos Pau D'Alho e do Baixão,
,Tabapuã,SAE,11.341,100,100,82,612,108,"10,00",Cór.Limeira,
,Taiaçu,PM,5.666,100,100,47,306,162,"6,56",Córrego S.J.Taiaçu,
,Taiúva,PM,5.109,100,100,80,276,55,"9,70","Córregos do Melo, Sta Rita e Sta Maria",
,Tanabi,SAAT,23.242,97,100,88,1.255,184,"9,96",Rio Jataí,
,Turmalina,SABESP,1.300,100,100,91,70,7,"10,00",Cór.do Candinho,
,Uchoa,SAE,9.329,100,100,95,504,25,"10,00",Cór.Grande,
,Urânia,SABESP,7.699,100,100,78,416,91,"8,27",Rib.Ponte Pensa,
,Valentim Gentil,SABESP,11.690,100,100,96,631,25,"10,00",Córrego Varação,
,Vista Alegre do Alto,PM,7.689,100,100,82,415,75,"9,70",Cór. Barro Preto,
,Vitória Brasil,SABESP,1.514,98,100,87,82,12,"9,67",Cór. Do Cedro,
,Votuporanga,SAEV Ambiental,90.170,99,100,84,4.869,832,"9,99",Cór.Marinheirinho (Sede) e Córrego Lagoinha (Simonsen),

Qualidade das Águas Interiores no Estado de São Paulo | Apêndice C - Dados do saneamento básico dos municípios paulistas,,,,,,,,,,,11
UGRHI,MUNICÍPIO,CONCESSÃO,PopulaçãoUrbana,"Atendimento (%)
Coleta Tratamento",,Eficiência,"Carga Poluidora (kg DBO/dia)
Potencial Remanesc.",,ICTEM,,Corpo Recceptor
,Adolfo,SABESP,3.247,100,100,90,175,18,"10,00",Cor. Sobrado,
,Avaí,SABESP,3.584,96,100,83,194,39,"8,42",Córrego Jacutinga,
,Bady Bassitt,DAE,15.754,97,100,95,851,67,"9,96",Rib.Borboleta / Rib. Fartura,
,Balbinos,SABESP,1.571,99,100,74,85,23,"8,05",Córrego Umirim,
,Borborema,PM,14.233,99,100,92,769,69,"9,99",Cór.do Fugido,
,Cafelândia,SAAE,15.320,100,4,82,827,800,"1,77",Cór.do Saltinho; Em Bacuriti Córrego do Meio,
,Dobrada,PM,8.549,100,100,85,462,69,"9,50",Cor.Dobrada,
,Elisiário,PM,3.240,95,100,74,175,52,"7,69",Cór.do Sapo,
,Guaiçara,PM,10.787,100,100,89,582,64,"9,50",Cór.Fim,
,Guarantã,PM,5.691,100,100,12,307,270,"3,78",Cor. Guarany,
,Ibirá,SABESP,11.161,98,100,80,603,129,"8,58",Cór.Mococa,
,Irapuã,SABESP,7.018,92,100,88,379,72,"9,88",Cór.Cervinho,
,Itajobi,DAEI,12.721,100,96,73,687,207,"7,98",Rib. Três Pontes,
,Itápolis,SAAE,38.771,100,100,87,2.094,272,"9,80",Rio São Lourenço,
,Jaci,DAE,5.793,95,100,88,313,51,"9,93",Cór. Do Mangue,
,Lins,SABESP,76.121,99,100,70,4.111,1.249,"8,02",Cór. Campestre,
16,Marapoama,PM,2.467,100,100,62,133,51,"7,53",Cór.Lagoa Seca,
,Matão,CIA MATONENSE DE SANEAMENTO,80.793,100,100,100,4.363,4,"10,00",Rio São Lourenço,
,Mendonça,PM,4.334,100,100,53,234,110,"6,65",Rib.dos Bagres,
,Nova Aliança,DAE,5.579,100,100,76,301,72,"8,14",Cór.Borboleta,
,Novo Horizonte,SABESP,37.429,100,100,86,2.021,283,"9,80",Rib.Três Pontes,
,Pirajuí,SAAE,20.343,97,0,,1.099,1.099,"1,76",Córrego Dourado Leste,
,Piratininga,SABESP,11.430,92,100,86,617,127,"8,34",Rio Batalha,
,Pongaí,SABESP,2.924,100,100,80,158,32,"9,70",Cór.da Aldeia,
,Potirendaba,SAE,15.278,100,100,83,825,140,"10,00",Cór.Águas Espalhadas,
,Presidente Alves,SABESP,3.458,98,100,81,187,39,"8,42",Ribeirão Presidente Alves,
,Reginópolis,SAAE,5.384,100,100,80,291,58,"9,80",Córrego da Corredeira,
,Sabino,SAAE,4.867,100,100,85,263,39,"9,50",Cór. Esgotão,
,Sales,PM,5.527,100,100,91,298,27,"10,00",Cór.Capoeirinha e Córrego do Cervinho,
,Santa Ernestina,SABESP,5.232,100,100,93,283,20,"10,00",Rib.dos Porcos,
,Taquaritinga,SAAET,53.976,100,100,86,2.915,421,"9,70",Rib.dos Porcos,
,Uru,SABESP,1.043,83,100,90,56,15,"7,56",Cór.do Uru,
,Urupês,PM,12.152,96,100,80,656,152,"8,43",Cór.Barreirão,
,Águas de Santa Bárbara,SABESP,4.568,68,100,94,247,89,"6,98",Rio Pardo,
,Alvinlândia,SABESP,2.869,99,100,72,155,45,"7,60",Cór.Jauzinho,
,Assis,SABESP,98.430,99,100,91,5.315,544,"9,99",Córrego do Jacu e Ribeirão da Fortuna,
,Avaré,SABESP,85.656,99,100,89,4.625,564,"9,49",Cór.do Lajeado/Córrego Barra Grande,
,Cabrália Paulista,PM,3.766,100,100,86,203,28,"9,80",Ribeirão Alambari,
17,Campos Novos Paulista,PM,3.809,100,100,84,206,33,"10,00",Rio Novo,
,Cândido Mota,SAAE,29.393,93,100,87,1.587,302,"9,90",Cór.do Jacu,
,Canitar,PM,4.759,100,100,88,257,31,"10,00",Afl.Cor.Sant`ana,
,Cerqueira César,PM,17.476,95,95,0,944,944,"2,85",R.Três Ranchos,
,Chavantes,PM,11.482,100,100,84,620,99,"10,00",R.Paranapanema,
,Cruzália,SABESP,1.430,100,100,82,77,14,"10,00",Rib.Água da Pintada,

Qualidade das Águas Interiores no Estado de São Paulo | Apêndice C - Dados do saneamento básico dos municípios paulistas,,,,,,,,,,,12
UGRHI,MUNICÍPIO,CONCESSÃO,PopulaçãoUrbana,"Atendimento (%)
Coleta Tratamento",,Eficiência,"Carga Poluidora (kg DBO/dia)
Potencial Remanesc.",,ICTEM,,Corpo Recceptor
,Duartina,SABESP,11.264,99,100,80,608,129,"8,41",Córrego Alambari,
,Echaporã,SABESP,4.975,100,100,91,269,24,"10,00",Rib. Cascavel,
,Espírito Santo do Turvo,SABESP,4.031,98,100,83,218,41,"9,97",Rio Turvo,
,Fernão,SABESP,920,100,100,81,50,10,"9,80",Rib.das Antas,
,Florínea,SABESP,2.449,84,100,90,132,32,"8,18",Rib.Água do Pântano,
,Gália,SABESP,5.050,99,100,93,273,23,"9,48",Rib.das Antas,
,Iaras,SABESP,3.774,89,100,87,204,46,"8,15",Água da Limeira,
,Ibirarema,PM,6.965,99,100,81,376,76,"8,67",Rib.Pau d'Alho,
,Itatinga,SABESP,18.336,85,100,83,990,293,"7,55",Rio Novo,
,João Ramalho,PM,3.816,99,100,90,206,22,"9,99",Cor.Água Bonita,
,Lucianópolis,SABESP,1.889,100,100,76,102,25,"8,21",Cór.Água da Rosa,
,Lupércio,SABESP,4.060,98,100,86,219,34,"9,47",Cór.Santo Anastácio,
,Maracaí,SABESP,12.676,94,100,88,684,118,"9,91",Rib.do Cervo e Rib.Água das Anhumas,
,Ocauçu,PM,3.440,93,100,81,186,46,"8,30",Cor.Tarumã,
,Óleo,SABESP,1.704,95,100,80,92,22,"8,16",Córrego Lajeado,
17,Ourinhos,SAE OURINHOS,108.928,98,100,67,5.882,2.045,"7,51","Rios Pardo, Paranapanema e Cór. Jacuzinho",
,Palmital,SAAE,20.359,100,100,89,1.099,121,"10,00",Cór.Água Parada,
,Paraguaçu Paulista,SABESP,41.014,98,100,96,2.215,122,"9,97",Rib.do Alegre e do Sapé,
,Pardinho,SABESP,4.921,69,100,92,266,96,"6,88",Rio Pardo,
,Paulistânia,SABESP,1.254,84,100,82,68,21,"7,56",Córrego Pinheirinho,
,Pedrinhas Paulista,SABESP,2.606,95,100,90,141,21,"9,92",R.Pedrinhas,
,Platina,SABESP,2.746,91,100,80,148,40,"8,10",Cór. Pari-Veado,
,Pratânia,SABESP,3.884,100,100,95,210,10,"10,00",Rios da Prata e Claro,
,Quatá,SABESP,13.040,90,100,90,704,133,"9,85",Rib.Água da Bomba,
,Rancharia,PM,26.741,93,100,65,1.444,566,"7,35",Cór.Água da Lavadeira e Água da Rancharia,
,Ribeirão do Sul,SABESP,3.388,89,100,80,183,53,"7,97",Rib.dos Pintos,
,Salto Grande,PM,8.385,68,100,73,453,229,"6,23",Rios Paranapanema e Novo,
,Santa Cruz do Rio Pardo,SABESP,43.104,97,100,83,2.328,445,"9,96",Rio Pardo,
,São Pedro do Turvo,PM,5.456,100,100,83,295,50,"10,00",Rio São João,
,Tarumã,SABESP,13.690,98,100,85,739,124,"9,97",Rib.do Tarumã,
,Ubirajara,SABESP,3.451,93,100,80,186,47,"8,04",Córrego São João,
,Aparecida d'Oeste,SABESP,3.545,97,100,89,191,27,"9,65",Cór.do Boi,
,Auriflama,SABESP,13.752,100,100,85,743,111,"10,00",Córrego do Limoeiro,
,Dirce Reis,SABESP,1.352,95,100,84,73,15,"9,93",Cór.Marimbondo,
,Floreal,SABESP,2.422,100,100,75,131,33,"8,38",Córrego Grotão,
,General Salgado,SABESP,9.325,100,100,80,504,103,"8,67",Cór.Buritis,
,Guzolândia,SABESP,4.380,98,100,88,237,32,"9,97",Cór. Do Bagre,
18,Ilha Solteira,PM,24.901,91,100,61,1.345,600,"6,96",Rio Paraná,
,Jales,SABESP,46.213,100,100,88,2.496,299,"10,00",Cór.Marimbondo,
,Marinópolis,SABESP,1.692,98,100,89,91,12,"9,96",Cór.Três Barras,
,Monte Aprazível,SABESP,22.214,97,100,85,1.200,214,"9,95",Rio São José dos Dourados,
,Neves Paulista,DAE,8.121,95,100,68,439,155,"7,32",Córrego Jacutinga,
,Nhandeara,SABESP,9.233,100,100,90,499,48,"10,00",Córrego Cabeceira Comprida / Córrego do Perdido,
,Nova Canaã Paulista,SABESP,823,100,100,80,44,9,"10,00",Solo,

Qualidade das Águas Interiores no Estado de São Paulo | Apêndice C - Dados do saneamento básico dos municípios paulistas,,,,,,,,,,,13
UGRHI,MUNICÍPIO,CONCESSÃO,PopulaçãoUrbana,"Atendimento (%)
Coleta Tratamento",,Eficiência,"Carga Poluidora (kg DBO/dia)
Potencial Remanesc.",,ICTEM,,Corpo Recceptor
,Palmeira d'Oeste,SABESP,7.201,99,100,88,389,52,"9,98",Cór. Laranjeiras,
,Pontalinda,SABESP,3.750,89,100,82,203,55,"8,07",Cór.Lajeado,
,Rubinéia,SABESP,2.552,79,100,86,138,44,"7,60",Cór.Jacu,
,Santa Fé do Sul,SAAE,30.550,100,100,74,1.650,429,"8,01",Cór.da Mula e Cór.Jacu Queimado,
,Santa Salete,SABESP,869,100,100,86,47,7,"10,00",Cór.da Paca e Perdizes,
18,Santana da Ponte Pensa,SABESP,1.040,100,100,86,56,8,"10,00",Rib. Pororoca,
,São Francisco,SABESP,2.211,100,100,0,119,119,"3,50",Cór.Botelho,
,São João das Duas Pontes,SABESP,1.988,100,100,90,107,11,"10,00",Có. Da Lingüiça,
,São João de Iracema,Municipal,1.553,100,100,90,84,8,"10,00",Cór.Saltinho,
,Sebastianópolis do Sul,SABESP,2.641,100,100,90,143,15,"10,00",Córrego do Januário Amaral,
,Suzanápolis,DAE,2.560,95,100,61,138,58,"7,19",Cór.da Perdida,
,Três Fronteiras,SABESP,4.886,100,100,85,264,40,"10,00",Cór.Marruco,
,Alto Alegre,Sabesp,3.276,92,100,84,177,41,"8,06",Córrego do Coroados,
,Andradina,ÁGUAS DE ANDRADINA,53.526,99,100,79,2.890,615,"8,30","Cór.Pereira Jordão, da Figueira e São Pedro",
,Araçatuba,SANEAR,191.119,98,100,86,10.320,1.582,"9,97",Ribeirão Baguaçu e Corrego Lafon.,
,Avanhandava,PM,11.086,100,100,84,599,95,"9,70",Cór.Alambari e Cór.Jacutinga,
,Barbosa,PM,6.131,100,100,55,331,149,"6,78",Cór.Barbosinha e R.Tietê,
,Bento de Abreu,SABESP,2.673,97,100,81,144,31,"8,24",Rib.Azul,
,Bilac,PM,7.207,100,100,91,389,35,"9,70",Cór.da Colônia,
,Birigui,PMB,117.094,98,100,76,6.323,1.614,"8,01",Ribeirão Baixotes,
,Braúna,PMB,4.859,100,100,87,262,34,"9,70",Córrego Água Limpa,
,Brejo Alegre,SABESP,2.306,85,100,84,125,36,"7,61",Cór.do Macuco,
,Buritama,PM,15.867,100,100,81,857,163,"10,00",Rib.Palmeiras,
,Castilho,ÁGUAS DE CASTILHO,15.370,99,100,85,830,132,"9,68",Rib.Guatapará e Cór.S.Roberto,
,Coroados,SABESP,4.766,97,100,86,257,42,"9,66",Cór.do Campo,
,Gastão Vidigal,SABESP,4.195,82,100,91,227,58,"8,05",Cór.Brioso e Solo,
,Glicério,SABESP,3.530,86,100,81,191,58,"7,82",Água Limpa,
,Guaraçaí,PM,6.679,79,100,91,361,101,"7,57",Ribeirão Iguatemi e Córrego Plano Alto,
19,Guararapes,PM,30.227,100,100,62,1.632,614,"7,26",Rib.Barra Grande e Córrego Frutal,
,Itapura,PM,3.837,80,100,90,207,58,"7,88","Disposto Rio Tietê,reservatório hidrelétrico.",
,José Bonifácio,PM,32.797,98,100,71,1.771,536,"7,70",Cór.Cerradão,
,Lavínia,PM,5.446,100,100,85,294,44,"9,70",Córrego Barreirão,
,Lourdes,SABESP,1.865,100,100,83,101,17,"10,00",Cór.das Pedras,
,Macaubal,SAMA,7.147,100,100,68,386,124,"7,71",Ribeirão Ponte Nova,
,Magda,SABESP,2.643,100,100,69,143,44,"7,99",Córrego Talhados,
,Mirandópolis,DAEM,26.093,90,100,75,1.409,458,"7,44",Ribeirão Claro.,
,Monções,SABESP,1.937,100,100,91,105,9,"10,00",Córrego do Saltinho,
,Murutinga do Sul,PM,2.737,100,100,63,148,54,"7,31",Cór.Seco,
,Nipoã,SABESP,4.437,89,100,79,240,71,"7,62",Cór. Cachoeira,
,Nova Castilho,Municipal,820,100,100,39,44,27,"5,74",Córrego Açoita Cavalo,
,Nova Luzitânia,SABESP,3.546,86,100,87,192,48,"7,85",Cór.do Matadouro,
,Penápolis,DAEP,59.921,100,100,80,3.236,660,"8,37",Rib.Lajeado,
,Pereira Barreto,SAAE,24.009,98,100,73,1.296,369,"8,12",Cór.Pederneiras,
,Planalto,SABESP,4.277,98,100,79,231,52,"8,21",Cór.São Jerônimo,

Qualidade das Águas Interiores no Estado de São Paulo | Apêndice C - Dados do saneamento básico dos municípios paulistas,,,,,,,,,,,14
UGRHI,MUNICÍPIO,CONCESSÃO,PopulaçãoUrbana,"Atendimento (%)
Coleta Tratamento",,Eficiência,"Carga Poluidora (kg DBO/dia)
Potencial Remanesc.",,ICTEM,,Corpo Recceptor
,Poloni,SABESP,5.283,100,100,80,285,57,"10,00",Cór. Barreirinho,
,Promissão,SAAEP,33.302,100,100,48,1.798,935,"6,12",Rib.dos Patos,
,Rubiácea,SABESP,1.745,100,100,85,94,14,"9,70",Cór.do Matadouro,
,Santo Antônio do Aracanguá,PM,6.493,100,80,70,351,154,"6,84",Cór.da Mata,
,Sud Mennucci,SABESP,6.646,100,100,86,359,51,"10,00",Cór.Campestre,
19,Turiúba,SABESP,1.650,95,100,86,89,16,"9,62",Cór.Barreiro,
,Ubarana,PM,5.568,100,100,81,301,57,"10,00",Cór.Bocaina,
,União Paulista,SABESP,1.373,100,100,75,74,19,"8,08",Rib.Santa Bárbara,
,Valparaíso,DAEV,24.380,100,100,75,1.317,325,"8,09",Cór Primavera e Cór.do Suspiro,
,Zacarias,SABESP,2.074,92,100,80,112,30,"7,84",Córego da Arribada,
,Álvaro de Carvalho,SABESP,3.250,99,100,89,175,21,"9,79",Cór.Santa Cecília,
,Arco-Íris,SABESP,1.058,91,100,86,57,12,"7,98",Cór.do Sumidouro,
,Clementina,PM,7.867,100,100,91,425,37,"10,00",Cór.C.,
,Dracena,EMDAEP,42.772,96,100,82,2.310,494,"8,25",Córregos das Marrequinhas e Marrecas,
,Gabriel Monteiro,SABESP,2.326,100,100,80,126,25,"9,50",Cór.Águas Claras,
,Garça,SAAE,40.523,100,100,80,2.188,442,"8,19",Rib. da Garça e Rio Tibiriçá,
,Getulina,SAAE,8.792,100,100,87,475,62,"9,50",Cór.Gavanheri,
,Guaimbê,SAAE,5.013,99,99,75,271,72,"7,75",Rib.Guaimbê,
,Herculândia,PM,8.560,80,100,80,462,166,"6,86",Cor.da Água Boa e Rib. Iacri,
,Iacri,SABESP,5.062,94,100,80,273,68,"7,79",Cór.Jurema,
,Júlio Mesquita,PM,4.502,95,100,87,243,42,"9,43",Cor.do Dudu,
,Lucélia,SABESP,18.587,95,100,80,1.004,243,"8,34",Cór. Boa Esperança,
,Luiziânia,SABESP,5.164,88,100,88,279,63,"7,86",Ribeirão Luiziânia,
,Monte Castelo,PM,3.311,98,100,77,179,44,"8,37",Rib. Galante,
,Nova Guataporanga,SABESP,2.003,100,100,90,108,11,"9,70",Cór. Costas,
,Nova Independência,PM,2.984,100,100,55,161,73,"6,78",Corrego Independência,
20,Pacaembu,PM,10.613,84,79,94,573,217,"6,99",Cór. Iracema e Pacaembu,
,Panorama,PM,15.154,94,100,61,818,349,"7,14",Rib. Das Marrecas,
,Parapuã,SABESP,9.084,100,100,0,491,491,"3,00",Cór. Alheiro,
,Paulicéia,PM,5.940,60,100,70,321,186,"5,63",Cór. Itaí,
,Piacatu,SABESP,5.156,100,100,81,278,53,"9,70",Córrego Bela Vista,
,Pompéia,SAAE,20.165,95,100,81,1.089,253,"7,91",Cór.Cabeça de Porco e Ribeirão do Futuro,
,Queiroz,SABESP,2.775,100,100,60,150,60,"6,90",Cór.Matadouro,
,Quintana,SABESP,5.976,99,100,78,323,74,"7,99","Rib.Iacri, Cór.Mercedes e Cór.Veado",
,Rinópolis,PM,8.778,100,100,87,474,62,"9,50",Cór.Andorinha,
,Salmourão,SABESP,4.683,87,100,87,253,62,"8,21",Cór.Cupri,
,Santa Mercedes,SABESP,2.557,88,100,91,138,27,"9,82",R. das Marrecas,
,Santópolis do Aguapeí,SABESP,4.526,88,100,94,244,43,"9,31",Cór.Fartura,
,São João do Pau d'Alho,PM,1.729,98,100,88,93,13,"9,67",Cór.São João do pau d'alho,
,Tupã,SABESP,63.121,100,100,82,3.409,622,"9,50",Rib.Afonso XIII,
,Tupi Paulista,PM,12.035,100,100,61,650,254,"7,16",Rib. Galante,
,Vera Cruz,PM,9.532,98,100,84,515,91,"9,47",Cór.Ipiranga,

Qualidade das Águas Interiores no Estado de São Paulo | Apêndice C - Dados do saneamento básico dos municípios paulistas,,,,,,,,,,,15
UGRHI,MUNICÍPIO,CONCESSÃO,PopulaçãoUrbana,"Atendimento (%)
Coleta Tratamento",,Eficiência,"Carga Poluidora (kg DBO/dia)
Potencial Remanesc.",,ICTEM,,Corpo Recceptor
,Adamantina,SABESP,33.217,100,100,89,1.794,197,"10,00",Rib. dos Ranchos e Boa Esperança,
,Alfredo Marcondes,SABESP,3.459,98,100,83,187,34,"9,98",Córrego Montalvão,
,Álvares Machado,SABESP,22.358,97,100,91,1.207,138,"9,96",Córrego do Limoeiro (ETE de Presidente Prudente).,
,Bastos,SABESP,18.151,96,100,46,980,545,"5,83",Rib.da Sede,
,Borá,SABESP,653,100,100,92,35,3,"10,00",Cór.do Borá,
,Caiabu,SABESP,3.428,86,100,85,185,50,"8,03",Cór.Água da Paineira.,
,Emilianópolis,SABESP,2.640,97,100,88,143,21,"9,95",Cór.Sto Antônio,
,Flora Rica,SABESP,1.272,91,100,82,69,17,"8,22",Cór. Afl. Do Ribeirão Perobal,
,Flórida Paulista,SABESP,11.269,99,100,85,609,93,"9,69",Cór.Matadouro e Cór. Indaia,
,Indiana,PM,4.214,95,100,85,228,44,"9,93",Cór. Acampamento,
,Inúbia Paulista,SABESP,3.442,97,100,78,186,46,"8,04",Ribeirão dos Macacos,
,Irapuru,PM,5.831,97,100,88,315,47,"9,66",Cór.Patrimônio,
,Junqueirópolis,PM,16.737,99,100,74,904,245,"7,92",Cór. Ponte Seca e Caingangues.,
21,Lutécia,SABESP,2.152,99,100,92,116,11,"9,98",Cór.Boa Esperança,
,Mariápolis,SABESP,3.274,91,100,83,177,43,"7,97",Córrego Águas Floridas.,
,Marília,ÁGUAS DE MARÍLIA,225.521,80,0,,12.178,12.178,"1,20","Cór.Cascatinha, do Pombo, do Barbosa, Palmital, Cincinatina e Rib.dos Índios",
,Martinópolis,PM,21.944,99,100,81,1.185,238,"8,68",Córrego Capão Bonito,
,Oriente,SABESP,6.046,97,100,84,326,60,"9,46",Cór.Jatobá,
,Oscar Bressane,SABESP,2.165,91,100,88,117,23,"9,87",Cór.do Saltinho,
,Osvaldo Cruz,SABESP,29.392,100,100,74,1.587,413,"8,01",Cór. Wallesburgo,
,Ouro Verde,PM,7.764,95,100,88,419,69,"9,63",Ribeirão São Bento,
,Piquerobi,SABESP,2.788,91,100,85,151,34,"8,39",Cór. Da Represa.,
,Pracinha,SABESP,1.802,100,100,55,97,44,"7,08",Ribeirão dos Macacos.,
,Ribeirão dos Índios,SABESP,1.897,97,100,87,102,16,"9,95",Afl. Rib.dos Indios,
,Sagres,SABESP,1.863,91,100,85,101,23,"8,39",Afl. do Cór. Queixada,
,Santo Expedito,SABESP,2.706,88,100,90,146,31,"8,43",Cór. Santo Expedito.,
,Anhumas,SABESP,3.317,100,100,85,179,27,"10,00",Córrego São Pedro,
,Caiuá,PM,2.181,99,100,97,118,5,"9,99",Ribeirão Caiuazinho,
,Estrela do Norte,SABESP,2.187,99,100,85,118,19,"9,98",Rio Rebojo,
,Euclides da Cunha Paulista,SABESP,6.094,88,100,82,329,93,"7,98",Rio Paranapanema,
,Iepê,PM,7.198,95,100,85,389,75,"9,93",Rib.dos Patos,
,Marabá Paulista,SABESP,2.498,96,100,83,135,27,"8,63",Córrego Sagui.,
,Mirante do Paranapanema,SABESP,10.675,72,100,86,576,222,"7,07",Cór. da Figueira,
,Nantes,PM,2.738,98,100,81,148,30,"8,63",Cór. Coroado.,
22,Narandiba,SABESP,3.436,100,100,81,186,35,"10,00",Cór. Laranjeira,
,Pirapozinho,SABESP,25.664,92,100,80,1.386,371,"8,13",Rib.Pirapozinho,
,Presidente Bernardes,SABESP,10.377,84,100,83,560,168,"7,82",Cór.Barro Preto e Cór.Guarucaia,
,Presidente Epitácio,SABESP,40.951,85,100,86,2.211,593,"8,03",Rio Paraná,
,Presidente Prudente,SABESP,220.654,100,100,90,11.915,1.143,"9,70","Rios Mandaguari, Cór.Limoeiro e Cór. da Anta.",
,Presidente Venceslau,PM,37.834,98,40,85,2.043,1.362,"4,24",Rib.Veado e Cór. Santo Anastacio,
,Regente Feijó,SABESP,18.420,99,100,86,995,142,"9,99",Cór. Imbiri e Cór. Da Represa,
,Rosana,SABESP,14.331,77,100,86,774,262,"7,45",Rio Paranapanema,
,Sandovalina,SABESP,2.912,91,100,84,157,38,"8,30",Rib. Taquaruçú,

Qualidade das Águas Interiores no Estado de São Paulo | Apêndice C - Dados do saneamento básico dos municípios paulistas,,,,,,,,,,,16
UGRHI,MUNICÍPIO,CONCESSÃO,PopulaçãoUrbana,"Atendimento (%)
Coleta Tratamento",,Eficiência,"Carga Poluidora (kg DBO/dia)
Potencial Remanesc.",,ICTEM,,Corpo Recceptor
,Santo Anastácio,SABESP,19.596,94,100,84,1.058,224,"8,53",Cor.7 de Setembro e Cór. Da Figueira,
,Taciba,SABESP,5.259,98,100,81,284,59,"8,62",Cór. da Formiga,
22,Tarabai,SABESP,6.750,89,100,80,365,104,"7,99",Ribeirão do Rebojo,
,Teodoro Sampaio,SABESP,18.606,100,100,83,1.005,166,"10,00",R.Paranapanema,
,,Somatória,43.244.892,---,---,---,2.335.224,1.068.749,---,---,
,Estado de São Paulo,Média,---,88,64,85,---,---,"6,27",---,
